relation_id	hyponym	hypernym	correct	hypo2hyper_en_ma	hyper2hypo_en_ma	hypo2hyper_en_pm	hyper2hypo_en_pm	hypo2hyper_en_ps	hyper2hypo_en_ps	hypo2hyper_en_cc	hyper2hypo_en_cc	hypo2hyper_en_ps59g	hyper2hypo_en_ps59g	hypo2hyper_en_science	hyper2hypo_en_science	hypo2hyper	hyper2hypo	hypo2hyper2	hyper2hypo2	hypo2hyper3	hyper2hypo3	hyper_in_hypo	hypo_in_hyper	hyper_in_hypo_i
99092	aerospace engineering	engineering	0	0.000	0.000	0.000	0.000	0.000	0.000	10.000	0.000	12.000	0.000	0.000	0.000	0.333	0.000	0.040	0.000	0.091	0.000	0.524	0.000	1.909
66301	african history	history	0	0.000	0.000	0.000	0.000	0.000	0.000	0.000	0.000	0.000	0.000	0.000	0.000	0.000	0.000	0.000	0.000	0.000	0.000	0.467	0.000	2.143
5792	analysis	numerical analysis	0	0.000	0.000	2.000	0.000	0.000	0.000	0.000	10.000	12.000	0.000	8.000	0.000	0.064	0.083	0.194	0.001	0.034	0.083	0.000	0.444	0.000
144302	analytical chemistry	chemistry	0	0.000	0.000	0.000	0.000	6.000	0.000	10.000	0.000	24.000	0.000	4.000	0.000	0.667	0.000	0.163	0.000	0.375	0.000	0.450	0.000	2.222
181306	ancient history	history	0	0.000	0.000	0.000	0.000	0.000	0.000	0.000	0.000	0.000	0.000	0.000	0.000	0.000	0.000	0.000	0.000	0.000	0.000	0.467	0.000	2.143
45282	ancient philosophy	philosophy	0	0.000	0.000	1.000	2.000	0.000	0.000	18.000	0.000	0.000	0.000	0.000	0.000	0.333	0.021	0.037	0.032	0.206	0.002	0.556	0.000	1.800
58756	animal science	science	0	0.000	0.000	0.000	0.000	0.000	0.000	0.000	0.000	0.000	0.000	0.000	0.000	0.000	0.000	0.000	0.000	0.000	0.000	0.500	0.000	2.000
184508	anthropological linguistics	linguistics	0	0.000	0.000	0.000	0.000	0.000	0.000	0.000	0.000	0.000	0.000	0.000	0.000	0.000	0.000	0.000	0.000	0.000	0.000	0.407	0.000	2.455
171071	anthropology	social anthropology	0	0.000	0.000	0.000	0.000	0.000	0.000	0.000	0.000	0.000	0.000	0.000	0.000	0.000	0.000	0.000	0.000	0.000	0.000	0.000	0.632	0.000
171015	anthropology	cultural anthropology	0	0.000	0.000	0.000	0.000	0.000	0.000	0.000	0.000	0.000	0.000	0.000	0.000	0.000	0.000	0.000	0.000	0.000	0.000	0.000	0.571	0.000
171033	anthropology	linguistic anthropology	0	0.000	0.000	0.000	0.000	0.000	0.000	0.000	0.000	0.000	0.000	0.000	0.000	0.000	0.000	0.000	0.000	0.000	0.000	0.000	0.522	0.000
109642	applied linguistics	linguistics	0	0.000	0.000	0.000	0.000	0.000	0.000	0.000	0.000	0.000	0.000	0.000	0.000	0.000	0.000	0.000	0.000	0.000	0.000	0.579	0.000	1.727
157309	applied mathematics	mathematics	0	0.000	0.000	0.000	0.000	0.000	0.000	2.000	0.000	6.000	0.000	4.000	0.000	0.433	0.000	0.063	0.000	0.230	0.000	0.579	0.000	1.727
13575	aquatic ecology	ecology	0	0.000	0.000	0.000	0.000	0.000	0.000	0.000	0.000	0.000	0.000	0.000	0.000	0.000	0.000	0.000	0.000	0.000	0.000	0.467	0.000	2.143
137108	asian history	history	0	0.000	0.000	0.000	0.000	0.000	0.000	0.000	0.000	0.000	0.000	0.000	0.000	0.000	0.000	0.000	0.000	0.000	0.000	0.538	0.000	1.857
10139	astrophysics and astronomy	physics	0	0.000	0.000	0.000	0.000	0.000	0.000	0.000	0.000	0.000	0.000	0.000	0.000	0.000	0.000	0.000	0.000	0.000	0.000	0.269	0.000	3.714
178271	atmospheric sciences	science	0	0.000	0.000	0.000	0.000	0.000	0.000	0.000	0.000	0.000	0.000	0.000	0.000	0.000	0.000	0.000	0.000	0.000	0.000	0.350	0.000	2.857
74010	behavioral ecology	ecology	0	0.000	0.000	0.000	0.000	0.000	0.000	0.000	0.000	0.000	0.000	0.000	0.000	0.000	0.000	0.000	0.000	0.000	0.000	0.389	0.000	2.571
89309	behavioral economics	economics	0	0.000	0.000	0.000	0.000	0.000	0.000	0.000	0.000	0.000	0.000	0.000	0.000	0.000	0.000	0.000	0.000	0.000	0.000	0.450	0.000	2.222
106563	biochemical nutrition	nutrition	0	0.000	0.000	0.000	0.000	0.000	0.000	0.000	0.000	0.000	0.000	0.000	0.000	0.000	0.000	0.000	0.000	0.000	0.000	0.429	0.000	2.333
130662	biological engineering	engineering	0	0.000	0.000	0.000	0.000	0.000	0.000	6.000	0.000	4.000	0.000	0.000	0.000	0.292	0.000	0.014	0.000	0.094	0.000	0.500	0.000	2.000
127118	biological psychology	psychology	0	0.000	0.000	0.000	0.000	0.000	0.000	0.000	0.000	4.000	0.000	0.000	0.000	0.167	0.000	0.013	0.000	0.021	0.000	0.476	0.000	2.100
145448	biomechanical engineering	mechanical engineering	0	0.000	0.000	0.000	0.000	0.000	0.000	0.000	0.000	0.000	0.000	0.000	0.000	0.000	0.000	0.000	0.000	0.000	0.000	0.880	0.000	1.136
145545	biomechanical engineering	engineering	0	0.000	0.000	0.000	0.000	0.000	0.000	0.000	0.000	0.000	0.000	0.000	0.000	0.000	0.000	0.000	0.000	0.000	0.000	0.440	0.000	2.273
28421	cellular neuroscience	neuroscience	0	0.000	0.000	0.000	0.000	0.000	0.000	0.000	0.000	0.000	0.000	0.000	0.000	0.000	0.000	0.000	0.000	0.000	0.000	0.571	0.000	1.750
28538	cellular neuroscience	science	0	0.000	0.000	0.000	0.000	0.000	0.000	0.000	0.000	0.000	0.000	0.000	0.000	0.000	0.000	0.000	0.000	0.000	0.000	0.333	0.000	3.000
137731	cellular physiology	physiology	0	0.000	0.000	0.000	0.000	0.000	0.000	0.000	0.000	0.000	0.000	0.000	0.000	0.000	0.000	0.000	0.000	0.000	0.000	0.526	0.000	1.900
203274	chemical engineering	engineering	0	0.000	0.000	0.000	0.000	0.000	0.000	0.000	0.000	0.000	0.000	0.000	0.000	0.000	0.000	0.000	0.000	0.000	0.000	0.550	0.000	1.818
196009	chemistry	food chemistry	0	0.000	0.000	0.000	0.000	0.000	0.000	0.000	0.000	0.000	0.000	0.000	0.000	0.000	0.000	0.000	0.000	0.000	0.000	0.000	0.643	0.000
195903	chemistry	polymer chemistry	0	0.000	0.000	0.000	0.000	0.000	0.000	0.000	0.000	0.000	0.000	0.000	0.000	0.000	0.000	0.000	0.000	0.000	0.000	0.000	0.529	0.000
195990	chemistry	organic chemistry	0	0.000	0.000	0.000	0.000	0.000	0.000	0.000	0.000	0.000	0.000	0.000	0.000	0.000	0.000	0.000	0.000	0.000	0.000	0.000	0.529	0.000
195924	chemistry	physical chemistry	0	0.000	0.000	0.000	0.000	0.000	0.000	0.000	0.000	0.000	0.000	0.000	0.000	0.000	0.000	0.000	0.000	0.000	0.000	0.000	0.500	0.000
195872	chemistry	medicinal chemistry	0	0.000	0.000	0.000	0.000	0.000	0.000	0.000	0.000	0.000	0.000	0.000	0.000	0.000	0.000	0.000	0.000	0.000	0.000	0.000	0.474	0.000
195887	chemistry	inorganic chemistry	0	0.000	0.000	0.000	0.000	0.000	0.000	0.000	0.000	0.000	0.000	0.000	0.000	0.000	0.000	0.000	0.000	0.000	0.000	0.000	0.474	0.000
196120	chemistry	materials chemistry	0	0.000	0.000	0.000	0.000	0.000	0.000	0.000	0.000	0.000	0.000	0.000	0.000	0.000	0.000	0.000	0.000	0.000	0.000	0.000	0.474	0.000
196053	chemistry	analytical chemistry	0	0.000	0.000	0.000	0.000	0.000	0.000	0.000	0.000	0.000	0.000	0.000	0.000	0.000	0.000	0.000	0.000	0.000	0.000	0.000	0.450	0.000
196177	chemistry	environmental chemistry	0	0.000	0.000	0.000	0.000	0.000	0.000	0.000	0.000	0.000	0.000	0.000	0.000	0.000	0.000	0.000	0.000	0.000	0.000	0.000	0.391	0.000
195891	chemistry	medicinal-pharmaceutical chemistry	0	0.000	0.000	0.000	0.000	0.000	0.000	0.000	0.000	0.000	0.000	0.000	0.000	0.000	0.000	0.000	0.000	0.000	0.000	0.000	0.265	0.000
158291	circuits	digital circuits	0	0.000	0.000	0.000	0.000	0.000	0.000	0.000	0.000	0.000	0.000	0.000	0.000	0.000	0.000	0.000	0.000	0.000	0.000	0.000	0.500	0.000
10696	civil engineering	engineering	0	0.000	0.000	0.000	6.000	12.000	26.000	46.000	0.000	96.000	100.000	4.000	4.000	0.667	0.167	0.440	0.363	0.323	0.023	0.647	0.000	1.545
125834	classical archaeology and art history	classics	0	0.000	0.000	0.000	0.000	0.000	0.000	0.000	0.000	0.000	0.000	0.000	0.000	0.000	0.000	0.000	0.000	0.000	0.000	0.216	0.000	4.625
27516	classical literature and philology	classics	0	0.000	0.000	0.000	0.000	0.000	0.000	0.000	0.000	0.000	0.000	0.000	0.000	0.000	0.000	0.000	0.000	0.000	0.000	0.235	0.000	4.250
2315	classics	classical literature and philology	0	0.000	0.000	0.000	0.000	0.000	0.000	0.000	0.000	0.000	0.000	0.000	0.000	0.000	0.000	0.000	0.000	0.000	0.000	0.000	0.235	0.000
2533	classics	classical archaeology and art history	0	0.000	0.000	0.000	0.000	0.000	0.000	0.000	0.000	0.000	0.000	0.000	0.000	0.000	0.000	0.000	0.000	0.000	0.000	0.000	0.216	0.000
166997	clinical nutrition	nutrition	0	0.000	0.000	0.000	0.000	0.000	0.000	0.000	0.000	0.000	0.000	0.000	0.000	0.000	0.000	0.000	0.000	0.000	0.000	0.500	0.000	2.000
79312	clinical psychology	psychology	0	0.000	0.000	0.000	0.000	4.000	0.000	36.000	0.000	24.000	0.000	0.000	0.000	0.500	0.000	0.109	0.000	0.301	0.000	0.526	0.000	1.900
134406	cognitive neuroscience	neuroscience	0	0.000	0.000	0.000	0.000	0.000	0.000	0.000	0.000	0.000	0.000	0.000	0.000	0.000	0.000	0.000	0.000	0.000	0.000	0.545	0.000	1.833
134524	cognitive neuroscience	science	0	0.000	0.000	0.000	0.000	0.000	0.000	0.000	0.000	0.000	0.000	0.000	0.000	0.000	0.000	0.000	0.000	0.000	0.000	0.318	0.000	3.143
84273	cognitive psychology	psychology	0	0.000	0.000	0.000	0.000	0.000	0.000	20.000	0.000	28.000	0.000	4.000	0.000	0.500	0.000	0.135	0.000	0.240	0.000	0.500	0.000	2.000
149613	communication	mass communication	0	0.000	0.000	0.000	0.000	0.000	0.000	0.000	22.000	0.000	0.000	0.000	0.000	0.000	0.167	0.000	0.003	0.000	0.033	0.000	0.722	0.000
149448	communication	health communication	0	0.000	0.000	0.000	0.000	0.000	0.000	0.000	0.000	0.000	0.000	0.000	0.000	0.000	0.000	0.000	0.000	0.000	0.000	0.000	0.650	0.000
149313	communication	digital communications	0	0.000	0.000	0.000	0.000	0.000	0.000	0.000	0.000	0.000	0.000	0.000	0.000	0.000	0.000	0.000	0.000	0.000	0.000	0.000	0.591	0.000
149494	communication	organizational communication	0	0.000	0.000	0.000	0.000	0.000	0.000	0.000	0.000	0.000	0.000	0.000	0.000	0.000	0.000	0.000	0.000	0.000	0.000	0.000	0.464	0.000
149488	communication	communication technology and new media	0	0.000	0.000	0.000	0.000	0.000	0.000	0.000	0.000	0.000	0.000	0.000	0.000	0.000	0.000	0.000	0.000	0.000	0.000	0.000	0.342	0.000
149454	communication	interpersonal/small group communication	0	0.000	0.000	0.000	0.000	0.000	0.000	0.000	0.000	0.000	0.000	0.000	0.000	0.000	0.000	0.000	0.000	0.000	0.000	0.000	0.333	0.000
93687	communication technology and new media	communication	0	0.000	0.000	0.000	0.000	0.000	0.000	0.000	0.000	0.000	0.000	0.000	0.000	0.000	0.000	0.000	0.000	0.000	0.000	0.342	0.000	2.923
70483	community nutrition	nutrition	0	0.000	0.000	0.000	0.000	0.000	0.000	0.000	0.000	0.000	0.000	0.000	0.000	0.000	0.000	0.000	0.000	0.000	0.000	0.474	0.000	2.111
104568	community psychology	psychology	0	0.000	0.000	0.000	0.000	0.000	0.000	0.000	0.000	0.000	0.000	0.000	0.000	0.000	0.000	0.000	0.000	0.000	0.000	0.500	0.000	2.000
200822	comparative nutrition	nutrition	0	0.000	0.000	0.000	0.000	0.000	0.000	0.000	0.000	0.000	0.000	0.000	0.000	0.000	0.000	0.000	0.000	0.000	0.000	0.429	0.000	2.333
130064	comparative physiology	physiology	0	0.000	0.000	0.000	0.000	0.000	0.000	0.000	0.000	0.000	0.000	0.000	0.000	0.000	0.000	0.000	0.000	0.000	0.000	0.455	0.000	2.200
32521	computational linguistics	linguistics	0	0.000	0.000	0.000	0.000	0.000	0.000	0.000	0.000	0.000	0.000	0.000	0.000	0.000	0.000	0.000	0.000	0.000	0.000	0.440	0.000	2.273
85247	computational neuroscience	neuroscience	0	0.000	0.000	0.000	0.000	0.000	0.000	0.000	0.000	0.000	0.000	0.000	0.000	0.000	0.000	0.000	0.000	0.000	0.000	0.462	0.000	2.167
85365	computational neuroscience	science	0	0.000	0.000	0.000	0.000	0.000	0.000	0.000	0.000	0.000	0.000	0.000	0.000	0.000	0.000	0.000	0.000	0.000	0.000	0.269	0.000	3.714
128407	computer engineering	engineering	0	0.000	0.000	0.000	0.000	0.000	0.000	26.000	0.000	16.000	0.000	0.000	0.000	0.333	0.000	0.054	0.000	0.076	0.000	0.550	0.000	1.818
129563	computer science	science	0	0.000	0.000	0.000	0.000	0.000	0.000	0.000	0.000	0.000	0.000	0.000	0.000	0.000	0.000	0.000	0.000	0.000	0.000	0.438	0.000	2.286
154460	condensed matter physics	physics	0	0.000	0.000	0.000	0.000	0.000	0.000	0.000	0.000	0.000	0.000	0.000	0.000	0.000	0.000	0.000	0.000	0.000	0.000	0.292	0.000	3.429
197993	contemporary art history	history	0	0.000	0.000	0.000	0.000	0.000	0.000	0.000	0.000	0.000	0.000	0.000	0.000	0.000	0.000	0.000	0.000	0.000	0.000	0.292	0.000	3.429
24536	continental philosophy	philosophy	0	0.000	0.000	0.000	0.000	0.000	0.000	6.000	0.000	4.000	0.000	0.000	0.000	0.333	0.000	0.014	0.000	0.167	0.000	0.455	0.000	2.200
65791	cosmology	cosmology, relativity, and gravity	0	0.000	0.000	0.000	0.000	0.000	0.000	0.000	0.000	0.000	0.000	0.000	0.000	0.000	0.000	0.000	0.000	0.000	0.000	0.000	0.265	0.000
179192	cosmology, relativity, and gravity	cosmology	0	0.000	0.000	0.000	0.000	0.000	0.000	0.000	0.000	0.000	0.000	0.000	0.000	0.000	0.000	0.000	0.000	0.000	0.000	0.265	0.000	3.778
17263	crop sciences	science	0	0.000	0.000	0.000	0.000	0.000	0.000	0.000	0.000	0.000	0.000	0.000	0.000	0.000	0.000	0.000	0.000	0.000	0.000	0.538	0.000	1.857
39164	cultural anthropology	anthropology	0	0.000	0.000	0.000	0.000	0.000	0.000	10.000	0.000	4.000	0.000	8.000	0.000	0.371	0.000	0.101	0.000	0.220	0.000	0.571	0.000	1.750
192130	cultural history	history	0	0.000	0.000	0.000	0.000	0.000	0.000	0.000	0.000	0.000	0.000	0.000	0.000	0.000	0.000	0.000	0.000	0.000	0.000	0.438	0.000	2.286
162035	dairy science	science	0	0.000	0.000	0.000	0.000	0.000	0.000	0.000	0.000	0.000	0.000	0.000	0.000	0.000	0.000	0.000	0.000	0.000	0.000	0.538	0.000	1.857
75776	developmental neuroscience	neuroscience	0	0.000	0.000	0.000	0.000	0.000	0.000	0.000	0.000	0.000	0.000	0.000	0.000	0.000	0.000	0.000	0.000	0.000	0.000	0.462	0.000	2.167
75894	developmental neuroscience	science	0	0.000	0.000	0.000	0.000	0.000	0.000	0.000	0.000	0.000	0.000	0.000	0.000	0.000	0.000	0.000	0.000	0.000	0.000	0.269	0.000	3.714
202436	developmental psychology	psychology	0	0.000	0.000	0.000	0.000	0.000	0.000	0.000	0.000	0.000	0.000	0.000	0.000	0.000	0.000	0.000	0.000	0.000	0.000	0.417	0.000	2.400
199692	digital circuits	circuits	0	0.000	0.000	0.000	0.000	0.000	0.000	0.000	0.000	0.000	0.000	0.000	0.000	0.000	0.000	0.000	0.000	0.000	0.000	0.500	0.000	2.000
14762	digital communications	communication	0	0.000	0.000	0.000	0.000	0.000	0.000	0.000	0.000	0.000	0.000	0.000	0.000	0.000	0.000	0.000	0.000	0.000	0.000	0.591	0.000	1.692
186267	diplomatic history	history	0	0.000	0.000	0.000	0.000	0.000	0.000	0.000	0.000	0.000	0.000	0.000	0.000	0.000	0.000	0.000	0.000	0.000	0.000	0.389	0.000	2.571
39286	discourse linguistics	linguistics	0	0.000	0.000	0.000	0.000	0.000	0.000	0.000	0.000	0.000	0.000	0.000	0.000	0.000	0.000	0.000	0.000	0.000	0.000	0.524	0.000	1.909
1306	dynamical systems	dynamics/dynamical systems	0	0.000	0.000	0.000	0.000	0.000	0.000	0.000	0.000	0.000	0.000	0.000	0.000	0.000	0.000	0.000	0.000	0.000	0.000	0.000	0.654	0.000
182657	dynamics/dynamical systems	dynamical systems	0	0.000	0.000	0.000	0.000	0.000	0.000	0.000	0.000	0.000	0.000	0.000	0.000	0.000	0.000	0.000	0.000	0.000	0.000	0.654	0.000	1.529
11851	earth science	science	0	0.000	0.000	2.000	1.000	12.000	0.000	72.000	0.000	60.000	0.000	14.000	0.000	0.833	0.017	0.506	0.016	0.551	0.000	0.538	0.000	1.857
20776	ecology	aquatic ecology	0	0.000	0.000	0.000	0.000	0.000	0.000	0.000	0.000	0.000	0.000	0.000	0.000	0.000	0.000	0.000	0.000	0.000	0.000	0.000	0.467	0.000
21008	ecology	microbial ecology	0	0.000	0.000	0.000	0.000	0.000	0.000	0.000	0.000	0.000	0.000	0.000	0.000	0.000	0.000	0.000	0.000	0.000	0.000	0.000	0.412	0.000
20909	ecology	behavioral ecology	0	0.000	0.000	0.000	0.000	0.000	0.000	0.000	0.000	0.000	0.000	0.000	0.000	0.000	0.000	0.000	0.000	0.000	0.000	0.000	0.389	0.000
20833	ecology	terrestrial ecology	0	0.000	0.000	0.000	0.000	0.000	0.000	0.000	0.000	0.000	0.000	0.000	0.000	0.000	0.000	0.000	0.000	0.000	0.000	0.000	0.368	0.000
20879	ecology	evolutionary ecology	0	0.000	0.000	0.000	0.000	0.000	0.000	0.000	0.000	0.000	0.000	0.000	0.000	0.000	0.000	0.000	0.000	0.000	0.000	0.000	0.350	0.000
62693	economic history	history	0	0.000	0.000	0.000	0.000	0.000	0.000	0.000	0.000	0.000	0.000	0.000	0.000	0.000	0.000	0.000	0.000	0.000	0.000	0.438	0.000	2.286
5251	economics	labor economics	0	0.000	0.000	0.000	0.000	0.000	0.000	0.000	0.000	0.000	4.000	0.000	4.000	0.000	0.333	0.000	0.015	0.000	0.139	0.000	0.600	0.000
5160	economics	public economics	0	0.000	0.000	0.000	0.000	0.000	0.000	0.000	0.000	0.000	8.000	4.000	0.000	0.007	0.167	0.043	0.006	0.007	0.111	0.000	0.562	0.000
5158	economics	behavioral economics	0	0.000	0.000	0.000	0.000	0.000	0.000	0.000	10.000	0.000	0.000	0.000	0.000	0.000	0.167	0.000	0.001	0.000	0.042	0.000	0.450	0.000
5123	economics	international economics	0	0.000	0.000	0.000	0.000	0.000	0.000	0.000	0.000	0.000	4.000	0.000	0.000	0.000	0.167	0.000	0.003	0.000	0.033	0.000	0.391	0.000
91425	electrical engineering	engineering	0	0.000	0.000	0.000	0.000	10.000	0.000	38.000	0.000	60.000	12.000	4.000	0.000	0.599	0.005	0.310	0.010	0.267	0.001	0.500	0.000	2.000
146147	engineering	civil engineering	0	0.000	0.000	0.000	0.000	0.000	0.000	0.000	0.000	0.000	0.000	0.000	0.000	0.000	0.000	0.000	0.000	0.000	0.000	0.000	0.647	0.000
146220	engineering	ocean engineering	0	0.000	0.000	0.000	0.000	0.000	0.000	0.000	0.000	0.000	0.000	0.000	0.000	0.000	0.000	0.000	0.000	0.000	0.000	0.000	0.647	0.000
146149	engineering	systems engineering	0	0.000	0.000	0.000	0.000	0.000	0.000	0.000	0.000	0.000	0.000	0.000	0.000	0.000	0.000	0.000	0.000	0.000	0.000	0.000	0.579	0.000
146408	engineering	computer engineering	0	0.000	0.000	0.000	0.000	0.000	0.000	0.000	0.000	0.000	0.000	0.000	0.000	0.000	0.000	0.000	0.000	0.000	0.000	0.000	0.550	0.000
146569	engineering	software engineering	0	0.000	0.000	0.000	0.000	0.000	4.000	0.000	52.000	0.000	12.000	0.000	4.000	0.000	0.350	0.000	0.055	0.000	0.126	0.000	0.550	0.000
146573	engineering	chemical engineering	0	0.000	0.000	4.000	2.000	0.000	4.000	0.000	38.000	20.000	48.000	0.000	4.000	0.037	0.833	0.202	0.114	0.004	0.379	0.000	0.550	0.000
146343	engineering	aerospace engineering	0	0.000	0.000	0.000	0.000	0.000	0.000	0.000	0.000	0.000	0.000	0.000	0.000	0.000	0.000	0.000	0.000	0.000	0.000	0.000	0.524	0.000
146451	engineering	petroleum engineering	0	0.000	0.000	0.000	0.000	0.000	0.000	0.000	4.000	0.000	0.000	0.000	0.000	0.000	0.167	0.000	0.001	0.000	0.020	0.000	0.524	0.000
146326	engineering	electrical engineering	0	0.000	0.000	0.000	0.000	0.000	0.000	0.000	0.000	0.000	0.000	0.000	0.000	0.000	0.000	0.000	0.000	0.000	0.000	0.000	0.500	0.000
146350	engineering	mechanical engineering	0	0.000	0.000	0.000	0.000	0.000	0.000	0.000	0.000	0.000	0.000	0.000	0.000	0.000	0.000	0.000	0.000	0.000	0.000	0.000	0.500	0.000
146366	engineering	industrial engineering	0	0.000	0.000	0.000	0.000	0.000	0.000	0.000	0.000	0.000	0.000	0.000	0.000	0.000	0.000	0.000	0.000	0.000	0.000	0.000	0.500	0.000
146413	engineering	biological engineering	0	0.000	0.000	0.000	0.000	0.000	0.000	0.000	0.000	0.000	0.000	0.000	0.000	0.000	0.000	0.000	0.000	0.000	0.000	0.000	0.500	0.000
146452	engineering	structural engineering	0	0.000	0.000	0.000	2.000	0.000	0.000	0.000	12.000	0.000	4.000	0.000	0.000	0.000	0.354	0.000	0.037	0.000	0.268	0.000	0.500	0.000
146222	engineering	geotechnical engineering	0	0.000	0.000	0.000	0.000	0.000	0.000	0.000	0.000	0.000	0.000	0.000	0.000	0.000	0.000	0.000	0.000	0.000	0.000	0.000	0.458	0.000
146384	engineering	environmental engineering	0	0.000	0.000	0.000	0.000	0.000	0.000	0.000	0.000	0.000	0.000	0.000	0.000	0.000	0.000	0.000	0.000	0.000	0.000	0.000	0.440	0.000
146446	engineering	biomechanical engineering	0	0.000	0.000	0.000	0.000	0.000	0.000	0.000	0.000	0.000	0.000	0.000	0.000	0.000	0.000	0.000	0.000	0.000	0.000	0.000	0.440	0.000
16453	engineering physics	physics	0	0.000	0.000	0.000	0.000	0.000	0.000	0.000	0.000	0.000	0.000	0.000	0.000	0.000	0.000	0.000	0.000	0.000	0.000	0.368	0.000	2.714
120994	engineering science	science	0	0.000	0.000	0.000	0.000	0.000	0.000	0.000	0.000	0.000	0.000	0.000	0.000	0.000	0.000	0.000	0.000	0.000	0.000	0.368	0.000	2.714
200678	environmental chemistry	chemistry	0	0.000	0.000	0.000	0.000	0.000	0.000	0.000	0.000	0.000	0.000	0.000	0.000	0.000	0.000	0.000	0.000	0.000	0.000	0.391	0.000	2.556
117583	environmental engineering	engineering	0	0.000	0.000	0.000	0.000	0.000	0.000	10.000	0.000	0.000	0.000	0.000	0.000	0.167	0.000	0.001	0.000	0.069	0.000	0.440	0.000	2.273
108483	environmental microbiology	microbiology	0	0.000	0.000	0.000	0.000	0.000	0.000	0.000	0.000	4.000	0.000	0.000	0.000	0.167	0.000	0.013	0.000	0.028	0.000	0.462	0.000	2.167
107464	environmental sciences	science	0	0.000	0.000	0.000	0.000	0.000	0.000	0.000	0.000	0.000	0.000	0.000	0.000	0.000	0.000	0.000	0.000	0.000	0.000	0.318	0.000	3.143
128553	epidemiology	nutritional epidemiology	0	0.000	0.000	0.000	0.000	0.000	0.000	0.000	0.000	0.000	0.000	0.000	0.000	0.000	0.000	0.000	0.000	0.000	0.000	0.000	0.500	0.000
171804	ethics	ethics and political philosophy	0	0.000	0.000	0.000	0.000	0.000	0.000	0.000	0.000	0.000	0.000	0.000	0.000	0.000	0.000	0.000	0.000	0.000	0.000	0.000	0.194	0.000
192055	ethics and political philosophy	ethics	0	0.000	0.000	0.000	0.000	0.000	0.000	0.000	0.000	0.000	0.000	0.000	0.000	0.000	0.000	0.000	0.000	0.000	0.000	0.194	0.000	5.167
31123	european history	history	0	0.000	0.000	0.000	0.000	0.000	0.000	0.000	0.000	0.000	0.000	0.000	0.000	0.000	0.000	0.000	0.000	0.000	0.000	0.438	0.000	2.286
60480	evolutionary ecology	ecology	0	0.000	0.000	0.000	0.000	0.000	0.000	0.000	0.000	0.000	0.000	0.000	0.000	0.000	0.000	0.000	0.000	0.000	0.000	0.350	0.000	2.857
158928	evolutionary physiology	physiology	0	0.000	0.000	0.000	0.000	0.000	0.000	0.000	0.000	0.000	0.000	0.000	0.000	0.000	0.000	0.000	0.000	0.000	0.000	0.435	0.000	2.300
18666	exercise physiology	physiology	0	0.000	0.000	0.000	0.000	0.000	0.000	0.000	0.000	0.000	0.000	0.000	0.000	0.000	0.000	0.000	0.000	0.000	0.000	0.526	0.000	1.900
113835	feminist philosophy	philosophy	0	0.000	0.000	0.000	0.000	0.000	0.000	0.000	0.000	0.000	0.000	0.000	0.000	0.000	0.000	0.000	0.000	0.000	0.000	0.526	0.000	1.900
124458	food chemistry	chemistry	0	0.000	0.000	0.000	0.000	0.000	0.000	0.000	0.000	0.000	0.000	0.000	0.000	0.000	0.000	0.000	0.000	0.000	0.000	0.643	0.000	1.556
150878	food microbiology	microbiology	0	0.000	0.000	0.000	0.000	0.000	0.000	0.000	0.000	0.000	0.000	0.000	0.000	0.000	0.000	0.000	0.000	0.000	0.000	0.706	0.000	1.417
2831	food science	science	0	0.000	0.000	0.000	0.000	6.000	0.000	20.000	0.000	12.000	0.000	0.000	0.000	0.500	0.000	0.083	0.000	0.172	0.000	0.583	0.000	1.714
147152	forest sciences	science	0	0.000	0.000	0.000	0.000	0.000	0.000	0.000	0.000	0.000	0.000	0.000	0.000	0.000	0.000	0.000	0.000	0.000	0.000	0.467	0.000	2.143
190371	french linguistics	linguistics	0	0.000	0.000	0.000	0.000	0.000	0.000	0.000	0.000	0.000	0.000	0.000	0.000	0.000	0.000	0.000	0.000	0.000	0.000	0.611	0.000	1.636
144775	gender history	history	0	0.000	0.000	0.000	0.000	0.000	0.000	0.000	0.000	0.000	0.000	0.000	0.000	0.000	0.000	0.000	0.000	0.000	0.000	0.500	0.000	2.000
45677	genetic nutrition	nutrition	0	0.000	0.000	0.000	0.000	0.000	0.000	0.000	0.000	0.000	0.000	0.000	0.000	0.000	0.000	0.000	0.000	0.000	0.000	0.529	0.000	1.889
153368	genetics	plant genetics	0	0.000	0.000	0.000	0.000	0.000	0.000	0.000	0.000	0.000	0.000	0.000	0.000	0.000	0.000	0.000	0.000	0.000	0.000	0.000	0.571	0.000
153495	genetics	molecular genetics	0	0.000	0.000	0.000	0.000	0.000	0.000	0.000	0.000	0.000	0.000	0.000	0.000	0.000	0.000	0.000	0.000	0.000	0.000	0.000	0.444	0.000
135877	geographic information sciences	science	0	0.000	0.000	0.000	0.000	0.000	0.000	0.000	0.000	0.000	0.000	0.000	0.000	0.000	0.000	0.000	0.000	0.000	0.000	0.226	0.000	4.429
201671	geography	human geography	0	0.000	0.000	0.000	0.000	0.000	0.000	0.000	0.000	0.000	0.000	0.000	0.000	0.000	0.000	0.000	0.000	0.000	0.000	0.000	0.600	0.000
44521	geotechnical engineering	engineering	0	0.000	0.000	2.000	0.000	0.000	0.000	4.000	0.000	0.000	0.000	0.000	0.000	0.333	0.000	0.069	0.000	0.159	0.000	0.458	0.000	2.182
20343	german linguistics	linguistics	0	0.000	0.000	0.000	0.000	0.000	0.000	0.000	0.000	0.000	0.000	0.000	0.000	0.000	0.000	0.000	0.000	0.000	0.000	0.611	0.000	1.636
75647	health communication	communication	0	0.000	0.000	0.000	0.000	0.000	0.000	0.000	0.000	0.000	0.000	0.000	0.000	0.000	0.000	0.000	0.000	0.000	0.000	0.650	0.000	1.538
78861	health psychology	psychology	0	0.000	0.000	0.000	0.000	0.000	0.000	0.000	0.000	4.000	0.000	0.000	0.000	0.167	0.000	0.013	0.000	0.019	0.000	0.588	0.000	1.700
2107	history	asian history	0	0.000	0.000	0.000	0.000	0.000	0.000	0.000	0.000	0.000	8.000	0.000	0.000	0.000	0.167	0.000	0.006	0.000	0.167	0.000	0.538	0.000
1998	history	social history	0	0.000	0.000	0.000	0.000	0.000	10.000	0.000	38.000	0.000	34.000	8.000	4.000	0.017	0.667	0.087	0.112	0.017	0.490	0.000	0.500	0.000
2124	history	gender history	0	0.000	0.000	0.000	0.000	0.000	0.000	0.000	0.000	0.000	4.000	0.000	0.000	0.000	0.167	0.000	0.003	0.000	0.083	0.000	0.500	0.000
1820	history	womenâ€™s history	0	0.000	0.000	0.000	0.000	0.000	0.000	0.000	0.000	0.000	0.000	0.000	0.000	0.000	0.000	0.000	0.000	0.000	0.000	0.000	0.467	0.000
1950	history	african history	0	0.000	0.000	0.000	0.000	0.000	0.000	0.000	4.000	0.000	0.000	0.000	0.000	0.000	0.167	0.000	0.001	0.000	0.056	0.000	0.467	0.000
2177	history	theatre history	0	0.000	0.000	0.000	0.000	0.000	0.000	0.000	0.000	0.000	0.000	0.000	0.000	0.000	0.000	0.000	0.000	0.000	0.000	0.000	0.467	0.000
2205	history	ancient history	0	0.000	0.000	0.000	0.000	0.000	0.000	0.000	128.000	0.000	8.000	0.000	4.000	0.000	0.429	0.000	0.036	0.000	0.342	0.000	0.467	0.000
1872	history	european history	0	0.000	0.000	2.000	0.000	0.000	0.000	0.000	30.000	0.000	0.000	0.000	0.000	0.028	0.167	0.069	0.004	0.001	0.167	0.000	0.438	0.000
1942	history	economic history	0	0.000	0.000	0.000	0.000	16.000	0.000	0.000	32.000	36.000	8.000	0.000	0.000	0.070	0.333	0.227	0.011	0.002	0.130	0.000	0.438	0.000
2015	history	medieval history	0	0.000	0.000	0.000	0.000	4.000	8.000	0.000	24.000	0.000	28.000	0.000	4.000	0.012	0.667	0.028	0.091	0.000	0.583	0.000	0.438	0.000
2144	history	military history	0	0.000	0.000	0.000	0.000	0.000	0.000	0.000	190.000	0.000	28.000	0.000	0.000	0.000	0.333	0.000	0.049	0.000	0.215	0.000	0.438	0.000
2229	history	cultural history	0	0.000	0.000	0.000	0.000	0.000	10.000	0.000	8.000	0.000	28.000	8.000	4.000	0.017	0.667	0.087	0.103	0.017	0.546	0.000	0.438	0.000
2096	history	political history	0	0.000	0.000	0.000	0.000	10.000	4.000	0.000	24.000	24.000	20.000	4.000	0.000	0.053	0.500	0.190	0.046	0.010	0.209	0.000	0.412	0.000
2216	history	diplomatic history	0	0.000	0.000	0.000	2.000	0.000	0.000	0.000	0.000	0.000	4.000	0.000	0.000	0.000	0.333	0.000	0.035	0.000	0.278	0.000	0.389	0.000
2176	history	history of religion	0	0.000	0.000	0.000	0.000	0.000	0.000	0.000	22.000	0.000	0.000	0.000	0.000	0.000	0.167	0.000	0.003	0.000	0.167	0.000	0.368	0.000
2024	history	intellectual history	0	0.000	0.000	0.000	0.000	0.000	0.000	0.000	22.000	0.000	0.000	0.000	0.000	0.000	0.167	0.000	0.003	0.000	0.153	0.000	0.350	0.000
1952	history	united states history	0	0.000	0.000	0.000	0.000	0.000	0.000	0.000	0.000	0.000	2.000	0.000	0.000	0.000	0.167	0.000	0.002	0.000	0.001	0.000	0.333	0.000
1961	history	history of philosophy	0	0.000	0.000	0.000	0.000	0.000	0.000	0.000	10.000	0.000	0.000	0.000	0.000	0.000	0.167	0.000	0.001	0.000	0.093	0.000	0.333	0.000
1851	history	latin american history	0	0.000	0.000	0.000	0.000	0.000	0.000	0.000	0.000	0.000	0.000	0.000	0.000	0.000	0.000	0.000	0.000	0.000	0.000	0.000	0.318	0.000
2242	history	contemporary art history	0	0.000	0.000	0.000	0.000	0.000	0.000	0.000	0.000	0.000	0.000	0.000	0.000	0.000	0.000	0.000	0.000	0.000	0.000	0.000	0.292	0.000
2199	history	islamic world/near east history	0	0.000	0.000	0.000	0.000	0.000	0.000	0.000	0.000	0.000	0.000	0.000	0.000	0.000	0.000	0.000	0.000	0.000	0.000	0.000	0.226	0.000
2030	history	history of religions of western origin	0	0.000	0.000	0.000	0.000	0.000	0.000	0.000	0.000	0.000	0.000	0.000	0.000	0.000	0.000	0.000	0.000	0.000	0.000	0.000	0.184	0.000
1938	history	history of religions of eastern origins	0	0.000	0.000	0.000	0.000	0.000	0.000	0.000	0.000	0.000	0.000	0.000	0.000	0.000	0.000	0.000	0.000	0.000	0.000	0.000	0.179	0.000
2118	history	history of science, technology, and medicine	0	0.000	0.000	0.000	0.000	0.000	0.000	0.000	0.000	0.000	0.000	0.000	0.000	0.000	0.000	0.000	0.000	0.000	0.000	0.000	0.159	0.000
71262	history of philosophy	history	0	0.000	0.000	0.000	0.000	0.000	0.000	0.000	0.000	0.000	0.000	0.000	0.000	0.000	0.000	0.000	0.000	0.000	0.000	0.333	0.000	3.000
168450	history of religion	history of religions of western origin	0	0.000	0.000	0.000	0.000	0.000	0.000	0.000	0.000	0.000	0.000	0.000	0.000	0.000	0.000	0.000	0.000	0.000	0.000	0.000	0.500	0.000
168358	history of religion	history of religions of eastern origins	0	0.000	0.000	0.000	0.000	0.000	0.000	0.000	0.000	0.000	0.000	0.000	0.000	0.000	0.000	0.000	0.000	0.000	0.000	0.000	0.487	0.000
168227	history of religion	history	0	0.000	0.000	0.000	0.000	0.000	0.000	0.000	0.000	0.000	0.000	0.000	0.000	0.000	0.000	0.000	0.000	0.000	0.000	0.368	0.000	2.714
60889	history of religions of eastern origins	history	0	0.000	0.000	0.000	0.000	0.000	0.000	0.000	0.000	0.000	0.000	0.000	0.000	0.000	0.000	0.000	0.000	0.000	0.000	0.179	0.000	5.571
61257	history of religions of eastern origins	history of religion	0	0.000	0.000	0.000	0.000	0.000	0.000	0.000	0.000	0.000	0.000	0.000	0.000	0.000	0.000	0.000	0.000	0.000	0.000	0.487	0.000	2.053
102381	history of religions of western origin	history	0	0.000	0.000	0.000	0.000	0.000	0.000	0.000	0.000	0.000	0.000	0.000	0.000	0.000	0.000	0.000	0.000	0.000	0.000	0.184	0.000	5.429
102749	history of religions of western origin	history of religion	0	0.000	0.000	0.000	0.000	0.000	0.000	0.000	0.000	0.000	0.000	0.000	0.000	0.000	0.000	0.000	0.000	0.000	0.000	0.500	0.000	2.000
142069	history of science, technology, and medicine	history	0	0.000	0.000	0.000	0.000	0.000	0.000	0.000	0.000	0.000	0.000	0.000	0.000	0.000	0.000	0.000	0.000	0.000	0.000	0.159	0.000	6.286
33820	human geography	geography	0	0.000	0.000	0.000	0.000	0.000	0.000	4.000	0.000	8.000	0.000	0.000	0.000	0.141	0.000	0.026	0.000	0.043	0.000	0.600	0.000	1.667
189096	human nutrition	nutrition	0	0.000	0.000	0.000	0.000	0.000	0.000	0.000	0.000	0.000	0.000	0.000	0.000	0.000	0.000	0.000	0.000	0.000	0.000	0.600	0.000	1.667
83389	immunology	immunology of infectious disease	0	0.000	0.000	0.000	0.000	0.000	0.000	0.000	0.000	0.000	0.000	0.000	0.000	0.000	0.000	0.000	0.000	0.000	0.000	0.000	0.312	0.000
183290	immunology of infectious disease	immunology	0	0.000	0.000	0.000	0.000	0.000	0.000	0.000	0.000	0.000	0.000	0.000	0.000	0.000	0.000	0.000	0.000	0.000	0.000	0.312	0.000	3.200
109465	industrial engineering	engineering	0	0.000	0.000	0.000	0.000	0.000	0.000	8.000	0.000	8.000	0.000	0.000	0.000	0.208	0.000	0.027	0.000	0.059	0.000	0.500	0.000	2.000
69258	inorganic chemistry	organic chemistry	0	0.000	0.000	0.000	0.000	0.000	0.000	0.000	0.000	0.000	0.000	0.000	0.000	0.000	0.000	0.000	0.000	0.000	0.000	0.895	0.000	1.118
69436	inorganic chemistry	chemistry	0	0.000	0.000	0.000	2.000	2.000	12.000	4.000	0.000	24.000	36.000	0.000	0.000	0.500	0.024	0.091	0.142	0.367	0.012	0.474	0.000	2.111
99675	intellectual history	history	0	0.000	0.000	0.000	0.000	0.000	0.000	0.000	0.000	0.000	0.000	0.000	0.000	0.000	0.000	0.000	0.000	0.000	0.000	0.350	0.000	2.857
73524	international economics	economics	0	0.000	0.000	0.000	0.000	0.000	0.000	0.000	0.000	0.000	0.000	0.000	0.000	0.000	0.000	0.000	0.000	0.000	0.000	0.391	0.000	2.556
140388	international nutrition	nutrition	0	0.000	0.000	0.000	0.000	0.000	0.000	0.000	0.000	0.000	0.000	0.000	0.000	0.000	0.000	0.000	0.000	0.000	0.000	0.391	0.000	2.556
78353	interpersonal/small group communication	communication	0	0.000	0.000	0.000	0.000	0.000	0.000	0.000	0.000	0.000	0.000	0.000	0.000	0.000	0.000	0.000	0.000	0.000	0.000	0.333	0.000	3.000
178600	islamic world/near east history	history	0	0.000	0.000	0.000	0.000	0.000	0.000	0.000	0.000	0.000	0.000	0.000	0.000	0.000	0.000	0.000	0.000	0.000	0.000	0.226	0.000	4.429
131252	labor economics	economics	0	0.000	0.000	0.000	0.000	0.000	0.000	0.000	0.000	0.000	0.000	0.000	0.000	0.000	0.000	0.000	0.000	0.000	0.000	0.600	0.000	1.667
21652	latin american history	history	0	0.000	0.000	0.000	0.000	0.000	0.000	0.000	0.000	0.000	0.000	0.000	0.000	0.000	0.000	0.000	0.000	0.000	0.000	0.318	0.000	3.143
9596	life science	science	0	0.000	0.000	0.000	2.000	8.000	18.000	110.000	0.000	26.000	54.000	6.000	10.000	0.667	0.506	0.219	0.226	0.245	0.108	0.583	0.000	1.714
47282	linguistic anthropology	anthropology	0	0.000	0.000	0.000	0.000	0.000	0.000	0.000	0.000	0.000	0.000	8.000	0.000	0.167	0.000	0.087	0.000	0.167	0.000	0.522	0.000	1.917
22144	linguistics	german linguistics	0	0.000	0.000	0.000	0.000	0.000	0.000	0.000	0.000	0.000	0.000	0.000	0.000	0.000	0.000	0.000	0.000	0.000	0.000	0.000	0.611	0.000
22520	linguistics	french linguistics	0	0.000	0.000	0.000	0.000	0.000	0.000	0.000	0.000	0.000	0.000	0.000	0.000	0.000	0.000	0.000	0.000	0.000	0.000	0.000	0.611	0.000
22204	linguistics	spanish linguistics	0	0.000	0.000	0.000	0.000	0.000	0.000	0.000	0.000	0.000	0.000	0.000	0.000	0.000	0.000	0.000	0.000	0.000	0.000	0.000	0.579	0.000
22341	linguistics	applied linguistics	0	0.000	0.000	0.000	0.000	0.000	0.000	0.000	0.000	0.000	6.000	0.000	2.000	0.000	0.333	0.000	0.011	0.000	0.238	0.000	0.579	0.000
22185	linguistics	discourse linguistics	0	0.000	0.000	0.000	0.000	0.000	0.000	0.000	0.000	0.000	0.000	0.000	0.000	0.000	0.000	0.000	0.000	0.000	0.000	0.000	0.524	0.000
22219	linguistics	typological linguistics	0	0.000	0.000	0.000	0.000	0.000	0.000	0.000	0.000	0.000	4.000	0.000	0.000	0.000	0.167	0.000	0.003	0.000	0.167	0.000	0.478	0.000
22170	linguistics	computational linguistics	0	0.000	0.000	0.000	0.000	2.000	6.000	0.000	8.000	4.000	16.000	0.000	0.000	0.052	0.429	0.027	0.055	0.003	0.177	0.000	0.440	0.000
22507	linguistics	anthropological linguistics	0	0.000	0.000	0.000	0.000	0.000	0.000	0.000	0.000	0.000	0.000	0.000	0.000	0.000	0.000	0.000	0.000	0.000	0.000	0.000	0.407	0.000
146784	literature in english, north america	literature in english, north america, ethnic and minority	0	0.000	0.000	0.000	0.000	0.000	0.000	0.000	0.000	0.000	0.000	0.000	0.000	0.000	0.000	0.000	0.000	0.000	0.000	0.000	0.632	0.000
94583	literature in english, north america, ethnic and minority	literature in english, north america	0	0.000	0.000	0.000	0.000	0.000	0.000	0.000	0.000	0.000	0.000	0.000	0.000	0.000	0.000	0.000	0.000	0.000	0.000	0.632	0.000	1.583
94749	logic and foundations	logic and foundations of mathematics	0	0.000	0.000	0.000	0.000	0.000	0.000	0.000	0.000	0.000	0.000	0.000	0.000	0.000	0.000	0.000	0.000	0.000	0.000	0.000	0.583	0.000
17798	logic and foundations of mathematics	logic and foundations	0	0.000	0.000	0.000	0.000	0.000	0.000	0.000	0.000	0.000	0.000	0.000	0.000	0.000	0.000	0.000	0.000	0.000	0.000	0.583	0.000	1.714
150514	mass communication	communication	0	0.000	0.000	0.000	0.000	0.000	0.000	0.000	0.000	0.000	0.000	0.000	0.000	0.000	0.000	0.000	0.000	0.000	0.000	0.722	0.000	1.385
174519	materials chemistry	chemistry	0	0.000	0.000	0.000	0.000	0.000	0.000	0.000	0.000	0.000	0.000	0.000	0.000	0.000	0.000	0.000	0.000	0.000	0.000	0.474	0.000	2.111
100699	materials science	science	0	0.000	0.000	0.000	0.000	0.000	0.000	0.000	0.000	0.000	0.000	0.000	0.000	0.000	0.000	0.000	0.000	0.000	0.000	0.412	0.000	2.429
163610	mathematics	applied mathematics	0	0.000	0.000	0.000	0.000	0.000	0.000	0.000	0.000	0.000	0.000	0.000	0.000	0.000	0.000	0.000	0.000	0.000	0.000	0.000	0.579	0.000
102247	mechanical engineering	biomechanical engineering	0	0.000	0.000	0.000	0.000	0.000	0.000	0.000	0.000	0.000	0.000	0.000	0.000	0.000	0.000	0.000	0.000	0.000	0.000	0.000	0.880	0.000
102249	mechanical engineering	engineering	0	0.000	0.000	0.000	0.000	6.000	0.000	28.000	0.000	52.000	0.000	8.000	0.000	0.667	0.000	0.299	0.000	0.317	0.000	0.500	0.000	2.000
62671	medicinal chemistry	chemistry	0	0.000	0.000	0.000	2.000	2.000	0.000	4.000	0.000	4.000	4.000	4.000	0.000	0.375	0.006	0.071	0.035	0.273	0.004	0.474	0.000	2.111
71240	medicinal-pharmaceutical chemistry	chemistry	0	0.000	0.000	0.000	0.000	0.000	0.000	0.000	0.000	0.000	0.000	0.000	0.000	0.000	0.000	0.000	0.000	0.000	0.000	0.265	0.000	3.778
95616	medieval history	history	0	0.000	0.000	0.000	0.000	0.000	0.000	0.000	0.000	0.000	0.000	0.000	0.000	0.000	0.000	0.000	0.000	0.000	0.000	0.438	0.000	2.286
28989	membrane science	science	0	0.000	0.000	0.000	0.000	0.000	0.000	0.000	0.000	0.000	0.000	0.000	0.000	0.000	0.000	0.000	0.000	0.000	0.000	0.438	0.000	2.286
161552	methodologies	statistical methodology	0	0.000	0.000	0.000	0.000	0.000	0.000	0.000	0.000	0.000	0.000	0.000	0.000	0.000	0.000	0.000	0.000	0.000	0.000	0.000	0.565	0.000
118659	microbial ecology	ecology	0	0.000	0.000	0.000	0.000	0.000	0.000	0.000	0.000	0.000	0.000	0.000	0.000	0.000	0.000	0.000	0.000	0.000	0.000	0.412	0.000	2.429
185537	microbial physiology	physiology	0	0.000	0.000	0.000	0.000	0.000	0.000	0.000	0.000	0.000	0.000	0.000	0.000	0.000	0.000	0.000	0.000	0.000	0.000	0.500	0.000	2.000
110377	microbiology	food microbiology	0	0.000	0.000	0.000	0.000	0.000	0.000	0.000	0.000	0.000	0.000	0.000	4.000	0.000	0.167	0.000	0.011	0.000	0.167	0.000	0.706	0.000
110169	microbiology	pathogenic microbiology	0	0.000	0.000	0.000	0.000	0.000	0.000	0.000	0.000	0.000	0.000	0.000	0.000	0.000	0.000	0.000	0.000	0.000	0.000	0.000	0.522	0.000
110284	microbiology	environmental microbiology	0	0.000	0.000	0.000	0.000	0.000	0.000	0.000	0.000	0.000	0.000	0.000	0.000	0.000	0.000	0.000	0.000	0.000	0.000	0.000	0.462	0.000
153795	military history	history	0	0.000	0.000	0.000	0.000	0.000	0.000	0.000	0.000	0.000	0.000	0.000	0.000	0.000	0.000	0.000	0.000	0.000	0.000	0.438	0.000	2.286
103497	mineral physics	physics	0	0.000	0.000	0.000	0.000	0.000	0.000	0.000	0.000	0.000	0.000	0.000	0.000	0.000	0.000	0.000	0.000	0.000	0.000	0.467	0.000	2.143
70244	molecular genetics	genetics	0	0.000	0.000	0.000	0.000	0.000	0.000	4.000	0.000	0.000	0.000	8.000	0.000	0.333	0.000	0.087	0.000	0.192	0.000	0.444	0.000	2.250
34735	molecular neuroscience	neuroscience	0	0.000	0.000	0.000	0.000	0.000	0.000	0.000	0.000	0.000	0.000	0.000	0.000	0.000	0.000	0.000	0.000	0.000	0.000	0.545	0.000	1.833
34852	molecular neuroscience	science	0	0.000	0.000	0.000	0.000	0.000	0.000	0.000	0.000	0.000	0.000	0.000	0.000	0.000	0.000	0.000	0.000	0.000	0.000	0.318	0.000	3.143
50638	molecular nutrition	nutrition	0	0.000	0.000	0.000	0.000	0.000	0.000	0.000	0.000	0.000	0.000	0.000	0.000	0.000	0.000	0.000	0.000	0.000	0.000	0.474	0.000	2.111
67825	molecular physiology	physiology	0	0.000	0.000	0.000	0.000	0.000	0.000	0.000	0.000	0.000	0.000	0.000	0.000	0.000	0.000	0.000	0.000	0.000	0.000	0.500	0.000	2.000
3884	neuroscience	systems neuroscience	0	0.000	0.000	0.000	0.000	0.000	0.000	0.000	0.000	0.000	0.000	0.000	0.000	0.000	0.000	0.000	0.000	0.000	0.000	0.000	0.600	0.000
3670	neuroscience	cellular neuroscience	0	0.000	0.000	0.000	0.000	0.000	0.000	0.000	0.000	0.000	0.000	0.000	0.000	0.000	0.000	0.000	0.000	0.000	0.000	0.000	0.571	0.000
3684	neuroscience	molecular neuroscience	0	0.000	0.000	0.000	0.000	0.000	0.000	0.000	0.000	0.000	0.000	0.000	0.000	0.000	0.000	0.000	0.000	0.000	0.000	0.000	0.545	0.000
3905	neuroscience	cognitive neuroscience	0	0.000	0.000	0.000	0.000	0.000	0.000	0.000	6.000	0.000	4.000	4.000	0.000	0.028	0.250	0.043	0.004	0.028	0.029	0.000	0.545	0.000
3775	neuroscience	developmental neuroscience	0	0.000	0.000	0.000	0.000	0.000	0.000	0.000	0.000	0.000	4.000	0.000	0.000	0.000	0.167	0.000	0.003	0.000	0.167	0.000	0.462	0.000
3796	neuroscience	computational neuroscience	0	0.000	0.000	0.000	0.000	0.000	0.000	0.000	8.000	0.000	0.000	0.000	0.000	0.000	0.167	0.000	0.001	0.000	0.111	0.000	0.462	0.000
74475	non-linear dynamic	non-linear dynamics	0	0.000	0.000	0.000	0.000	0.000	0.000	0.000	0.000	0.000	0.000	0.000	0.000	0.000	0.000	0.000	0.000	0.000	0.000	1.000	1.000	0.000
27224	non-linear dynamics	non-linear dynamic	0	0.000	0.000	0.000	0.000	0.000	0.000	0.000	0.000	0.000	0.000	0.000	0.000	0.000	0.000	0.000	0.000	0.000	0.000	1.000	1.000	0.000
152656	nuclear physics	physics	0	0.000	0.000	0.000	0.000	0.000	0.000	0.000	0.000	0.000	0.000	0.000	0.000	0.000	0.000	0.000	0.000	0.000	0.000	0.467	0.000	2.143
171843	numerical analysis	analysis	0	0.000	0.000	0.000	0.000	0.000	0.000	0.000	0.000	0.000	0.000	0.000	0.000	0.000	0.000	0.000	0.000	0.000	0.000	0.444	0.000	2.250
57695	nutrition	human nutrition	0	0.000	0.000	0.000	0.000	2.000	0.000	0.000	0.000	8.000	0.000	0.000	0.000	0.043	0.000	0.040	0.000	0.004	0.000	0.000	0.600	0.000
57378	nutrition	genetic nutrition	0	0.000	0.000	0.000	0.000	0.000	0.000	0.000	0.000	0.000	0.000	0.000	0.000	0.000	0.000	0.000	0.000	0.000	0.000	0.000	0.529	0.000
57646	nutrition	clinical nutrition	0	0.000	0.000	0.000	0.000	0.000	0.000	0.000	0.000	0.000	0.000	0.000	0.000	0.000	0.000	0.000	0.000	0.000	0.000	0.000	0.500	0.000
57389	nutrition	molecular nutrition	0	0.000	0.000	0.000	0.000	0.000	0.000	0.000	0.000	0.000	0.000	0.000	0.000	0.000	0.000	0.000	0.000	0.000	0.000	0.000	0.474	0.000
57432	nutrition	community nutrition	0	0.000	0.000	0.000	0.000	0.000	0.000	0.000	10.000	0.000	0.000	0.000	0.000	0.000	0.167	0.000	0.001	0.000	0.167	0.000	0.474	0.000
57512	nutrition	biochemical nutrition	0	0.000	0.000	0.000	0.000	0.000	0.000	0.000	0.000	0.000	0.000	0.000	0.000	0.000	0.000	0.000	0.000	0.000	0.000	0.000	0.429	0.000
57721	nutrition	comparative nutrition	0	0.000	0.000	0.000	0.000	0.000	0.000	0.000	0.000	0.000	0.000	0.000	0.000	0.000	0.000	0.000	0.000	0.000	0.000	0.000	0.429	0.000
57587	nutrition	international nutrition	0	0.000	0.000	0.000	0.000	0.000	0.000	0.000	0.000	0.000	0.000	0.000	0.000	0.000	0.000	0.000	0.000	0.000	0.000	0.000	0.391	0.000
8402	nutritional epidemiology	epidemiology	0	0.000	0.000	0.000	0.000	0.000	0.000	4.000	0.000	0.000	0.000	0.000	0.000	0.167	0.000	0.001	0.000	0.167	0.000	0.500	0.000	2.000
43619	ocean engineering	engineering	0	0.000	0.000	0.000	0.000	0.000	0.000	0.000	0.000	0.000	0.000	0.000	0.000	0.000	0.000	0.000	0.000	0.000	0.000	0.647	0.000	1.545
115609	organic chemistry	inorganic chemistry	0	0.000	0.000	0.000	0.000	0.000	0.000	0.000	0.000	0.000	0.000	0.000	0.000	0.000	0.000	0.000	0.000	0.000	0.000	0.000	0.895	0.000
115889	organic chemistry	chemistry	0	4.000	0.000	0.000	0.000	2.000	2.000	76.000	0.000	40.000	4.000	28.000	0.000	0.833	0.003	0.577	0.017	0.609	0.001	0.529	0.000	1.889
96393	organizational communication	communication	0	0.000	0.000	0.000	0.000	0.000	0.000	6.000	0.000	4.000	0.000	0.000	0.000	0.333	0.000	0.014	0.000	0.183	0.000	0.464	0.000	2.154
56618	pathogenic microbiology	microbiology	0	0.000	0.000	0.000	0.000	0.000	0.000	0.000	0.000	0.000	0.000	0.000	0.000	0.000	0.000	0.000	0.000	0.000	0.000	0.522	0.000	1.917
179676	pathology	plant pathology	0	0.000	0.000	0.000	0.000	0.000	0.000	0.000	0.000	0.000	0.000	0.000	0.000	0.000	0.000	0.000	0.000	0.000	0.000	0.000	0.600	0.000
148252	petroleum engineering	engineering	0	0.000	0.000	0.000	0.000	0.000	0.000	0.000	0.000	0.000	0.000	0.000	0.000	0.000	0.000	0.000	0.000	0.000	0.000	0.524	0.000	1.909
82633	philosophy	ancient philosophy	0	0.000	0.000	0.000	0.000	0.000	0.000	0.000	0.000	0.000	0.000	0.000	0.000	0.000	0.000	0.000	0.000	0.000	0.000	0.000	0.556	0.000
82638	philosophy	philosophy of mind	0	0.000	0.000	0.000	0.000	0.000	0.000	0.000	0.000	0.000	0.000	0.000	0.000	0.000	0.000	0.000	0.000	0.000	0.000	0.000	0.556	0.000
82784	philosophy	feminist philosophy	0	0.000	0.000	0.000	0.000	0.000	0.000	0.000	4.000	0.000	0.000	0.000	4.000	0.000	0.333	0.000	0.012	0.000	0.250	0.000	0.526	0.000
82932	philosophy	philosophy of science	0	0.000	0.000	0.000	0.000	0.000	0.000	0.000	40.000	20.000	56.000	4.000	28.000	0.037	0.500	0.107	0.131	0.014	0.393	0.000	0.476	0.000
82540	philosophy	philosophy of language	0	0.000	0.000	0.000	0.000	0.000	0.000	0.000	0.000	0.000	0.000	0.000	0.000	0.000	0.000	0.000	0.000	0.000	0.000	0.000	0.455	0.000
82587	philosophy	continental philosophy	0	0.000	0.000	0.000	0.000	0.000	0.000	0.000	0.000	0.000	0.000	0.000	0.000	0.000	0.000	0.000	0.000	0.000	0.000	0.000	0.455	0.000
82968	philosophy	philosophy of religion	0	0.000	0.000	0.000	0.000	0.000	0.000	0.000	24.000	0.000	16.000	0.000	12.000	0.000	0.500	0.000	0.051	0.000	0.444	0.000	0.455	0.000
3339	philosophy of language	philosophy	0	4.000	0.000	0.000	0.000	0.000	0.000	34.000	0.000	20.000	0.000	28.000	0.000	0.667	0.000	0.494	0.000	0.598	0.000	0.455	0.000	2.200
47537	philosophy of mind	philosophy	0	4.000	0.000	0.000	0.000	0.000	0.000	30.000	0.000	44.000	0.000	12.000	4.000	0.667	0.013	0.396	0.011	0.639	0.013	0.556	0.000	1.800
196819	philosophy of religion	philosophy	0	0.000	0.000	0.000	0.000	0.000	0.000	0.000	0.000	0.000	0.000	0.000	0.000	0.000	0.000	0.000	0.000	0.000	0.000	0.455	0.000	2.200
180583	philosophy of science	philosophy	0	0.000	0.000	0.000	0.000	0.000	0.000	0.000	0.000	0.000	0.000	0.000	0.000	0.000	0.000	0.000	0.000	0.000	0.000	0.476	0.000	2.100
200011	physical and environmental geography	physics	0	0.000	0.000	0.000	0.000	0.000	0.000	0.000	0.000	0.000	0.000	0.000	0.000	0.000	0.000	0.000	0.000	0.000	0.000	0.194	0.000	5.143
86123	physical chemistry	chemistry	0	0.000	0.000	0.000	0.000	0.000	0.000	6.000	0.000	12.000	8.000	4.000	4.000	0.417	0.003	0.082	0.018	0.248	0.003	0.500	0.000	2.000
21322	physical science	science	0	0.000	3.000	2.000	0.000	6.000	5.000	78.000	0.000	52.000	16.000	0.000	6.000	0.667	0.304	0.287	0.137	0.370	0.075	0.438	0.000	2.286
98546	physics	mineral physics	0	0.000	0.000	0.000	0.000	0.000	0.000	0.000	0.000	0.000	0.000	0.000	0.000	0.000	0.000	0.000	0.000	0.000	0.000	0.000	0.467	0.000
98655	physics	nuclear physics	0	0.000	0.000	0.000	0.000	1.000	0.000	0.000	8.000	0.000	4.000	0.000	0.000	0.002	0.269	0.007	0.004	0.001	0.039	0.000	0.467	0.000
98744	physics	quantum physics	0	0.000	0.000	0.000	0.000	0.000	0.000	0.000	22.000	0.000	4.000	0.000	6.000	0.000	0.318	0.000	0.024	0.000	0.282	0.000	0.467	0.000
98354	physics	engineering physics	0	0.000	0.000	0.000	0.000	0.000	0.000	0.000	0.000	0.000	0.000	0.000	0.000	0.000	0.000	0.000	0.000	0.000	0.000	0.000	0.368	0.000
98659	physics	condensed matter physics	0	0.000	0.000	0.000	1.000	0.000	0.000	0.000	3.000	0.000	4.000	6.000	2.000	0.004	0.550	0.065	0.025	0.004	0.450	0.000	0.292	0.000
98340	physics	astrophysics and astronomy	0	0.000	0.000	0.000	0.000	0.000	0.000	0.000	0.000	0.000	0.000	0.000	0.000	0.000	0.000	0.000	0.000	0.000	0.000	0.000	0.269	0.000
98760	physics	physical and environmental geography	0	0.000	0.000	0.000	0.000	0.000	0.000	0.000	0.000	0.000	0.000	0.000	0.000	0.000	0.000	0.000	0.000	0.000	0.000	0.000	0.194	0.000
79417	physiology	exercise physiology	0	0.000	0.000	0.000	0.000	0.000	0.000	0.000	0.000	0.000	0.000	0.000	0.000	0.000	0.000	0.000	0.000	0.000	0.000	0.000	0.526	0.000
79680	physiology	cellular physiology	0	0.000	0.000	0.000	0.000	0.000	0.000	0.000	0.000	0.000	4.000	0.000	0.000	0.000	0.167	0.000	0.003	0.000	0.083	0.000	0.526	0.000
79526	physiology	molecular physiology	0	0.000	0.000	0.000	0.000	0.000	0.000	0.000	0.000	0.000	0.000	0.000	0.000	0.000	0.000	0.000	0.000	0.000	0.000	0.000	0.500	0.000
79786	physiology	microbial physiology	0	0.000	0.000	0.000	0.000	0.000	0.000	0.000	0.000	0.000	0.000	0.000	0.000	0.000	0.000	0.000	0.000	0.000	0.000	0.000	0.500	0.000
79663	physiology	comparative physiology	0	0.000	0.000	0.000	0.000	0.000	0.000	0.000	0.000	0.000	0.000	0.000	0.000	0.000	0.000	0.000	0.000	0.000	0.000	0.000	0.455	0.000
79727	physiology	evolutionary physiology	0	0.000	0.000	0.000	0.000	0.000	0.000	0.000	0.000	0.000	0.000	0.000	0.000	0.000	0.000	0.000	0.000	0.000	0.000	0.000	0.435	0.000
12967	plant genetics	genetics	0	0.000	0.000	0.000	0.000	0.000	0.000	6.000	0.000	0.000	0.000	0.000	0.000	0.167	0.000	0.001	0.000	0.045	0.000	0.571	0.000	1.750
80675	plant pathology	pathology	0	0.000	0.000	0.000	0.000	0.000	0.000	0.000	0.000	0.000	0.000	0.000	4.000	0.000	0.042	0.000	0.011	0.000	0.042	0.600	0.000	1.667
184134	plant science	science	0	0.000	0.000	0.000	0.000	0.000	0.000	0.000	0.000	0.000	0.000	0.000	0.000	0.000	0.000	0.000	0.000	0.000	0.000	0.538	0.000	1.857
132147	political history	history	0	0.000	0.000	0.000	0.000	0.000	0.000	0.000	0.000	0.000	0.000	0.000	0.000	0.000	0.000	0.000	0.000	0.000	0.000	0.412	0.000	2.429
203527	political science	science	0	0.000	0.000	0.000	0.000	0.000	0.000	0.000	0.000	0.000	0.000	0.000	0.000	0.000	0.000	0.000	0.000	0.000	0.000	0.412	0.000	2.429
76652	polymer chemistry	chemistry	0	0.000	0.000	0.000	0.000	0.000	0.000	0.000	0.000	0.000	0.000	0.000	0.000	0.000	0.000	0.000	0.000	0.000	0.000	0.529	0.000	1.889
76796	polymer science	science	0	0.000	0.000	0.000	0.000	0.000	0.000	0.000	0.000	0.000	0.000	0.000	0.000	0.000	0.000	0.000	0.000	0.000	0.000	0.467	0.000	2.143
81757	poultry science	science	0	0.000	0.000	0.000	0.000	0.000	0.000	0.000	0.000	0.000	0.000	0.000	0.000	0.000	0.000	0.000	0.000	0.000	0.000	0.467	0.000	2.143
175162	psychology	health psychology	0	0.000	0.000	0.000	0.000	0.000	0.000	0.000	0.000	0.000	0.000	0.000	0.000	0.000	0.000	0.000	0.000	0.000	0.000	0.000	0.588	0.000
175355	psychology	social psychology	0	0.000	0.000	0.000	0.000	0.000	0.000	0.000	0.000	0.000	0.000	0.000	0.000	0.000	0.000	0.000	0.000	0.000	0.000	0.000	0.588	0.000
175163	psychology	clinical psychology	0	0.000	0.000	0.000	0.000	0.000	0.000	0.000	0.000	0.000	0.000	0.000	0.000	0.000	0.000	0.000	0.000	0.000	0.000	0.000	0.526	0.000
175174	psychology	cognitive psychology	0	0.000	0.000	0.000	0.000	0.000	0.000	0.000	0.000	0.000	0.000	0.000	0.000	0.000	0.000	0.000	0.000	0.000	0.000	0.000	0.500	0.000
175219	psychology	community psychology	0	0.000	0.000	0.000	0.000	0.000	0.000	0.000	0.000	0.000	0.000	0.000	0.000	0.000	0.000	0.000	0.000	0.000	0.000	0.000	0.500	0.000
175269	psychology	biological psychology	0	0.000	0.000	0.000	0.000	0.000	0.000	0.000	0.000	0.000	0.000	0.000	0.000	0.000	0.000	0.000	0.000	0.000	0.000	0.000	0.476	0.000
175357	psychology	psychology of movement	0	0.000	0.000	0.000	0.000	0.000	0.000	0.000	0.000	0.000	0.000	0.000	0.000	0.000	0.000	0.000	0.000	0.000	0.000	0.000	0.455	0.000
175435	psychology	developmental psychology	0	0.000	0.000	0.000	0.000	4.000	6.000	0.000	4.000	8.000	32.000	0.000	4.000	0.011	0.542	0.054	0.078	0.002	0.342	0.000	0.417	0.000
166806	psychology of movement	psychology	0	0.000	0.000	0.000	0.000	0.000	0.000	0.000	0.000	0.000	0.000	0.000	0.000	0.000	0.000	0.000	0.000	0.000	0.000	0.455	0.000	2.200
90211	public economics	economics	0	0.000	0.000	0.000	0.000	0.000	0.000	0.000	0.000	0.000	0.000	0.000	0.000	0.000	0.000	0.000	0.000	0.000	0.000	0.562	0.000	1.778
192795	quantum physics	physics	0	0.000	0.000	0.000	0.000	0.000	0.000	0.000	0.000	0.000	0.000	0.000	0.000	0.000	0.000	0.000	0.000	0.000	0.000	0.467	0.000	2.143
129017	regional sociology	sociology	0	0.000	0.000	0.000	0.000	0.000	0.000	0.000	0.000	0.000	0.000	0.000	0.000	0.000	0.000	0.000	0.000	0.000	0.000	0.500	0.000	2.000
52798	rural sociology	sociology	0	0.000	0.000	0.000	0.000	0.000	0.000	0.000	0.000	0.000	0.000	0.000	0.000	0.000	0.000	0.000	0.000	0.000	0.000	0.600	0.000	1.667
56832	science	food science	0	0.000	0.000	0.000	0.000	0.000	0.000	0.000	0.000	0.000	0.000	0.000	0.000	0.000	0.000	0.000	0.000	0.000	0.000	0.000	0.583	0.000
56847	science	life science	0	0.000	0.000	0.000	0.000	0.000	0.000	0.000	0.000	0.000	0.000	0.000	0.000	0.000	0.000	0.000	0.000	0.000	0.000	0.000	0.583	0.000
57216	science	soil science	0	0.000	0.000	0.000	2.000	0.000	0.000	0.000	14.000	0.000	2.000	0.000	0.000	0.000	0.417	0.000	0.035	0.000	0.141	0.000	0.583	0.000
57258	science	wood science	0	0.000	0.000	0.000	0.000	0.000	0.000	0.000	0.000	0.000	0.000	0.000	0.000	0.000	0.000	0.000	0.000	0.000	0.000	0.000	0.583	0.000
56852	science	earth science	0	0.000	0.000	0.000	0.000	0.000	0.000	0.000	0.000	0.000	0.000	0.000	0.000	0.000	0.000	0.000	0.000	0.000	0.000	0.000	0.538	0.000
56864	science	crop sciences	0	0.000	0.000	0.000	0.000	0.000	0.000	0.000	0.000	0.000	0.000	0.000	0.000	0.000	0.000	0.000	0.000	0.000	0.000	0.000	0.538	0.000
57184	science	dairy science	0	0.000	0.000	0.000	0.000	0.000	0.000	0.000	0.000	0.000	0.000	0.000	0.000	0.000	0.000	0.000	0.000	0.000	0.000	0.000	0.538	0.000
57233	science	plant science	0	0.000	0.000	0.000	0.000	0.000	0.000	0.000	4.000	0.000	0.000	4.000	0.000	0.056	0.056	0.043	0.001	0.042	0.037	0.000	0.538	0.000
56955	science	animal science	0	0.000	0.000	0.000	1.000	0.000	0.000	0.000	6.000	0.000	4.000	0.000	0.000	0.000	0.444	0.000	0.020	0.000	0.096	0.000	0.500	0.000
57148	science	social science	0	0.000	4.000	10.000	3.000	4.000	26.000	66.000	302.000	16.000	88.000	4.000	28.000	0.312	1.000	0.476	0.514	0.047	0.390	0.000	0.500	0.000
56995	science	polymer science	0	0.000	0.000	0.000	0.000	2.000	0.000	0.000	0.000	0.000	0.000	0.000	0.000	0.019	0.000	0.014	0.000	0.000	0.000	0.000	0.467	0.000
57006	science	poultry science	0	0.000	0.000	0.000	0.000	0.000	0.000	0.000	0.000	0.000	0.000	0.000	0.000	0.000	0.000	0.000	0.000	0.000	0.000	0.000	0.467	0.000
57151	science	forest sciences	0	0.000	0.000	0.000	0.000	0.000	0.000	0.000	0.000	0.000	0.000	0.000	0.000	0.000	0.000	0.000	0.000	0.000	0.000	0.000	0.467	0.000
56873	science	physical science	0	0.000	0.000	0.000	0.000	0.000	0.000	0.000	0.000	0.000	0.000	0.000	0.000	0.000	0.000	0.000	0.000	0.000	0.000	0.000	0.438	0.000
56890	science	membrane science	0	0.000	0.000	0.000	0.000	0.000	0.000	0.000	0.000	0.000	0.000	0.000	0.000	0.000	0.000	0.000	0.000	0.000	0.000	0.000	0.438	0.000
57112	science	computer science	0	0.000	3.000	0.000	3.000	0.000	16.000	0.000	399.000	0.000	116.000	0.000	32.000	0.000	0.958	0.000	0.470	0.000	0.265	0.000	0.438	0.000
57048	science	materials science	0	0.000	0.000	1.000	0.000	0.000	4.000	0.000	2.000	0.000	22.000	2.000	0.000	0.044	0.381	0.056	0.045	0.021	0.088	0.000	0.412	0.000
57276	science	political science	0	0.000	0.000	0.000	8.000	0.000	2.000	0.000	115.000	0.000	30.000	0.000	12.000	0.000	0.286	0.000	0.215	0.000	0.116	0.000	0.412	0.000
57093	science	engineering science	0	0.000	0.000	0.000	0.000	0.000	1.000	0.000	4.000	12.000	14.000	0.000	0.000	0.037	0.500	0.038	0.019	0.000	0.144	0.000	0.368	0.000
57102	science	systems neuroscience	0	0.000	0.000	0.000	0.000	0.000	0.000	0.000	0.000	0.000	0.000	0.000	0.000	0.000	0.000	0.000	0.000	0.000	0.000	0.000	0.350	0.000
57220	science	atmospheric sciences	0	0.000	0.000	0.000	0.000	0.000	0.000	0.000	0.000	0.000	0.000	0.000	0.000	0.000	0.000	0.000	0.000	0.000	0.000	0.000	0.350	0.000
56889	science	cellular neuroscience	0	0.000	0.000	0.000	0.000	0.000	0.000	0.000	0.000	0.000	0.000	0.000	0.000	0.000	0.000	0.000	0.000	0.000	0.000	0.000	0.333	0.000
56903	science	molecular neuroscience	0	0.000	0.000	0.000	0.000	0.000	0.000	0.000	0.000	0.000	0.000	0.000	0.000	0.000	0.000	0.000	0.000	0.000	0.000	0.000	0.318	0.000
57063	science	environmental sciences	0	0.000	0.000	0.000	0.000	0.000	0.000	0.000	0.000	0.000	2.000	0.000	0.000	0.000	0.083	0.000	0.002	0.000	0.013	0.000	0.318	0.000
57123	science	cognitive neuroscience	0	0.000	0.000	0.000	2.000	0.000	0.000	0.000	0.000	0.000	8.000	0.000	4.000	0.000	0.500	0.000	0.050	0.000	0.250	0.000	0.318	0.000
56993	science	developmental neuroscience	0	0.000	0.000	0.000	0.000	0.000	0.000	0.000	0.000	0.000	0.000	0.000	0.000	0.000	0.000	0.000	0.000	0.000	0.000	0.000	0.269	0.000
57014	science	computational neuroscience	0	0.000	0.000	0.000	0.000	0.000	0.000	0.000	0.000	0.000	0.000	0.000	0.000	0.000	0.000	0.000	0.000	0.000	0.000	0.000	0.269	0.000
57126	science	geographic information sciences	0	0.000	0.000	0.000	0.000	0.000	0.000	0.000	0.000	0.000	0.000	0.000	0.000	0.000	0.000	0.000	0.000	0.000	0.000	0.000	0.226	0.000
64420	social anthropology	anthropology	0	0.000	0.000	0.000	0.000	2.000	0.000	8.000	0.000	8.000	0.000	0.000	0.000	0.240	0.000	0.041	0.000	0.051	0.000	0.632	0.000	1.583
87949	social history	history	0	0.000	0.000	0.000	0.000	0.000	0.000	0.000	0.000	0.000	0.000	0.000	0.000	0.000	0.000	0.000	0.000	0.000	0.000	0.500	0.000	2.000
165767	social psychology	social psychology and interaction	0	0.000	0.000	0.000	0.000	0.000	0.000	0.000	0.000	0.000	0.000	0.000	0.000	0.000	0.000	0.000	0.000	0.000	0.000	0.000	0.515	0.000
165904	social psychology	psychology	0	0.000	0.000	2.000	0.000	4.000	4.000	34.000	0.000	36.000	12.000	16.000	0.000	0.750	0.013	0.390	0.037	0.339	0.002	0.588	0.000	1.700
113116	social psychology and interaction	social psychology	0	0.000	0.000	0.000	0.000	0.000	0.000	0.000	0.000	0.000	0.000	0.000	0.000	0.000	0.000	0.000	0.000	0.000	0.000	0.515	0.000	1.941
145799	social science	science	0	0.000	0.000	0.000	0.000	0.000	0.000	0.000	0.000	0.000	0.000	0.000	0.000	0.000	0.000	0.000	0.000	0.000	0.000	0.500	0.000	2.000
14097	sociology	rural sociology	0	0.000	0.000	0.000	0.000	0.000	0.000	0.000	4.000	0.000	0.000	0.000	4.000	0.000	0.333	0.000	0.012	0.000	0.233	0.000	0.600	0.000
14266	sociology	regional sociology	0	0.000	0.000	0.000	0.000	0.000	0.000	0.000	0.000	0.000	0.000	0.000	0.000	0.000	0.000	0.000	0.000	0.000	0.000	0.000	0.500	0.000
13995	sociology	sociology of culture	0	0.000	0.000	0.000	0.000	0.000	0.000	0.000	0.000	0.000	0.000	0.000	0.000	0.000	0.000	0.000	0.000	0.000	0.000	0.000	0.450	0.000
6344	sociology of culture	sociology	0	0.000	0.000	0.000	0.000	0.000	0.000	0.000	0.000	0.000	0.000	0.000	0.000	0.000	0.000	0.000	0.000	0.000	0.000	0.450	0.000	2.222
201470	software engineering	engineering	0	0.000	0.000	0.000	0.000	0.000	0.000	0.000	0.000	0.000	0.000	0.000	0.000	0.000	0.000	0.000	0.000	0.000	0.000	0.550	0.000	1.818
176467	soil science	science	0	0.000	0.000	0.000	0.000	0.000	0.000	0.000	0.000	0.000	0.000	0.000	0.000	0.000	0.000	0.000	0.000	0.000	0.000	0.583	0.000	1.714
47855	spanish linguistics	linguistics	0	0.000	0.000	0.000	0.000	0.000	0.000	0.000	0.000	0.000	0.000	0.000	0.000	0.000	0.000	0.000	0.000	0.000	0.000	0.579	0.000	1.727
42751	statistical methodology	methodologies	0	0.000	0.000	0.000	0.000	0.000	0.000	0.000	0.000	0.000	0.000	0.000	0.000	0.000	0.000	0.000	0.000	0.000	0.000	0.565	0.000	1.769
148703	structural engineering	engineering	0	0.000	0.000	0.000	0.000	0.000	0.000	0.000	0.000	0.000	0.000	0.000	0.000	0.000	0.000	0.000	0.000	0.000	0.000	0.500	0.000	2.000
11598	systems engineering	engineering	0	0.000	0.000	0.000	0.000	1.000	0.000	0.000	0.000	10.000	0.000	0.000	0.000	0.333	0.000	0.039	0.000	0.117	0.000	0.579	0.000	1.727
124935	systems neuroscience	neuroscience	0	0.000	0.000	0.000	0.000	0.000	0.000	0.000	0.000	0.000	0.000	0.000	0.000	0.000	0.000	0.000	0.000	0.000	0.000	0.600	0.000	1.667
125053	systems neuroscience	science	0	0.000	0.000	0.000	0.000	0.000	0.000	0.000	0.000	0.000	0.000	0.000	0.000	0.000	0.000	0.000	0.000	0.000	0.000	0.350	0.000	2.857
39734	terrestrial ecology	ecology	0	0.000	0.000	0.000	0.000	0.000	0.000	0.000	0.000	0.000	0.000	0.000	0.000	0.000	0.000	0.000	0.000	0.000	0.000	0.368	0.000	2.714
168678	theatre history	history	0	0.000	0.000	0.000	0.000	0.000	0.000	0.000	0.000	0.000	0.000	0.000	0.000	0.000	0.000	0.000	0.000	0.000	0.000	0.467	0.000	2.143
54620	typological linguistics	linguistics	0	0.000	0.000	0.000	0.000	0.000	0.000	0.000	0.000	0.000	0.000	0.000	0.000	0.000	0.000	0.000	0.000	0.000	0.000	0.478	0.000	2.091
67203	united states history	history	0	0.000	0.000	0.000	0.000	0.000	0.000	0.000	0.000	0.000	0.000	0.000	0.000	0.000	0.000	0.000	0.000	0.000	0.000	0.333	0.000	3.000
7671	womenâ€™s history	history	0	0.000	0.000	0.000	0.000	0.000	0.000	0.000	0.000	0.000	0.000	0.000	0.000	0.000	0.000	0.000	0.000	0.000	0.000	0.467	0.000	2.143
195409	wood science	science	0	0.000	0.000	0.000	0.000	0.000	0.000	0.000	0.000	0.000	0.000	0.000	0.000	0.000	0.000	0.000	0.000	0.000	0.000	0.583	0.000	1.714
